
INSERT INTO users (user_id, username, email, password, role, first_name, last_name, birth_date, enabled, updated, created, avatar, status, uuid) VALUES
(1, 'user1', 'user1@example.com', 'password1', 'USER', 'FirstName1', 'LastName1', '1990-01-01', TRUE, NOW(), NOW(), 'avatar1', 'ACTIVE', 'uuid1'),
(2, 'user2', 'user2@example.com', 'password2', 'USER', 'FirstName2', 'LastName2', '1991-01-01', TRUE, NOW(), NOW(), 'avatar2', 'ACTIVE', 'uuid2'),
(3, 'user3', 'user3@example.com', 'password3', 'USER', 'FirstName3', 'LastName3', '1992-01-01', TRUE, NOW(), NOW(), 'avatar3', 'ACTIVE', 'uuid3'),
(4, 'user4', 'user100@example.com', 'password100', 'USER', 'FirstName100', 'LastName100', '1990-01-01', TRUE, NOW(), NOW(), 'avatar4', 'ACTIVE', 'uuid4'),
(5, 'user5', 'm.martin@randatmail.com', 'password5', 'MODERATOR', 'Michelle', 'Martin', '2024-08-03 17:52:00', TRUE, NOW(), NOW(), 'avatar5', 'ACTIVE', 'uuid5'),
(6, 'user6', 'a.barnes@randatmail.com', 'password6', 'ADMIN', 'Alissa', 'Barnes', '2024-11-11 20:08:00', TRUE, NOW(), NOW(), 'avatar6', 'ACTIVE', 'uuid6'),
(7, 'user7', 'e.higgins@randatmail.com', 'password7', 'MODERATOR', 'Evelyn', 'Higgins', '2024-01-20 01:16:00', TRUE, NOW(), NOW(), 'avatar7', 'ACTIVE', 'uuid7'),
(8, 'user8', 'a.miller@randatmail.com', 'password8', 'USER', 'Ashton', 'Miller', '2024-08-15 06:47:00', TRUE, NOW(), NOW(), 'avatar8', 'ACTIVE', 'uuid8'),
(9, 'user9', 'm.tucker@randatmail.com', 'password9', 'MODERATOR', 'Maya', 'Tucker', '2024-03-23 01:30:00', TRUE, NOW(), NOW(), 'avatar9', 'ACTIVE', 'uuid9'),
(10, 'user10', 'a.thompson@randatmail.com', 'password10', 'ADMIN', 'Annabella', 'Thompson', '2024-01-02 01:53:00', FALSE, NOW(), NOW(), 'avatar10', 'INACTIVE', 'uuid10'),
(11, 'user11', 'c.williams@randatmail.com', 'password11', 'MODERATOR', 'Clark', 'Williams', '2024-09-18 21:28:00', TRUE, NOW(), NOW(), 'avatar11', 'ACTIVE', 'uuid11'),
(12, 'user12', 'j.watson@randatmail.com', 'password12', 'ADMIN', 'Jacob', 'Watson', '2024-07-12 12:07:00', FALSE, NOW(), NOW(), 'avatar12', 'INACTIVE', 'uuid12'),
(13, 'user13', 'a.lloyd@randatmail.com', 'password13', 'USER', 'Amy', 'Lloyd', '2024-07-20 13:52:00', FALSE, NOW(), NOW(), 'avatar13', 'INACTIVE', 'uuid13'),
(14, 'user14', 'i.williams@randatmail.com', 'password14', 'ADMIN', 'Isabella', 'Williams', '2024-04-07 19:40:00', TRUE, NOW(), NOW(), 'avatar14', 'ACTIVE', 'uuid14'),
(15, 'user15', 'm.stewart@randatmail.com', 'password15', 'ADMIN', 'Miller', 'Stewart', '2024-02-29 13:57:00', TRUE, NOW(), NOW(), 'avatar15', 'ACTIVE', 'uuid15'),
(16, 'user16', 'a.harper@randatmail.com', 'password16', 'ADMIN', 'Alberta', 'Harper', '2024-06-23 19:12:00', TRUE, NOW(), NOW(), 'avatar16', 'ACTIVE', 'uuid16'),
(17, 'user17', 'w.barrett@randatmail.com', 'password17', 'MODERATOR', 'Wilson', 'Barrett', '2024-09-20 19:35:00', TRUE, NOW(), NOW(), 'avatar17', 'ACTIVE', 'uuid17'),
(18, 'user18', 'r.fowler@randatmail.com', 'password18', 'MODERATOR', 'Richard', 'Fowler', '2024-05-06 11:42:00', FALSE, NOW(), NOW(), 'avatar18', 'INACTIVE', 'uuid18'),
(19, 'user19', 's.martin@randatmail.com', 'password19', 'ADMIN', 'Sienna', 'Martin', '2024-04-16 21:00:00', TRUE, NOW(), NOW(), 'avatar19', 'ACTIVE', 'uuid19'),
(20, 'user20', 'b.harper@randatmail.com', 'password20', 'ADMIN', 'Brooke', 'Harper', '2024-06-14 18:59:00', TRUE, NOW(), NOW(), 'avatar20', 'ACTIVE', 'uuid20'),
(21, 'user21', 'f.henderson@randatmail.com', 'password21', 'MODERATOR', 'Frederick', 'Henderson', '2024-05-21 21:47:00', FALSE, NOW(), NOW(), 'avatar21', 'INACTIVE', 'uuid21'),
(22, 'user22', 'b.craig@randatmail.com', 'password22', 'USER', 'Bruce', 'Craig', '2024-02-23 12:37:00', TRUE, NOW(), NOW(), 'avatar22', 'ACTIVE', 'uuid22'),
(23, 'user23', 'a.ellis@randatmail.com', 'password23', 'USER', 'Aston', 'Ellis', '2024-10-30 16:22:00', FALSE, NOW(), NOW(), 'avatar23', 'INACTIVE', 'uuid23'),
(24, 'user24', 'r.murphy@randatmail.com', 'password24', 'USER', 'Rubie', 'Murphy', '2023-12-26 21:50:00', TRUE, NOW(), NOW(), 'avatar24', 'ACTIVE', 'uuid24'),
(25, 'user25', 's.hill@randatmail.com', 'password25', 'ADMIN', 'Samantha', 'Hill', '2024-06-11 12:18:00', FALSE, NOW(), NOW(), 'avatar25', 'INACTIVE', 'uuid25'),
(26, 'user26', 'b.montgomery@randatmail.com', 'password26', 'MODERATOR', 'Brad', 'Montgomery', '2024-09-05 21:54:00', FALSE, NOW(), NOW(), 'avatar26', 'INACTIVE', 'uuid26'),
(27, 'user27', 'c.alexander@randatmail.com', 'password27', 'ADMIN', 'Camila', 'Alexander', '2024-11-17 21:21:00', FALSE, NOW(), NOW(), 'avatar27', 'INACTIVE', 'uuid27'),
(28, 'user28', 't.gibson@randatmail.com', 'password28', 'MODERATOR', 'Tyler', 'Gibson', '2024-02-27 10:14:00', FALSE, NOW(), NOW(), 'avatar28', 'INACTIVE', 'uuid28'),
(29, 'user29', 'user29@example.com', 'password29', 'USER', 'FirstName29', 'LastName29', '1990-01-01', TRUE, NOW(), NOW(), 'avatar29', 'ACTIVE', 'uuid29'),
(30, 'user30', 'user30@example.com', 'password30', 'USER', 'FirstName30', 'LastName30', '1991-01-01', TRUE, NOW(), NOW(), 'avatar30', 'ACTIVE', 'uuid30'),
(31, 'user31', 'user31@example.com', 'password31', 'USER', 'FirstName31', 'LastName31', '1992-01-01', TRUE, NOW(), NOW(), 'avatar31', 'ACTIVE', 'uuid31'),
(32, 'user32', 'user32@example.com', 'password32', 'USER', 'FirstName32', 'LastName32', '1993-01-01', TRUE, NOW(), NOW(), 'avatar32', 'ACTIVE', 'uuid32'),
(33, 'user33', 'user33@example.com', 'password33', 'USER', 'FirstName33', 'LastName33', '1994-01-01', TRUE, NOW(), NOW(), 'avatar33', 'ACTIVE', 'uuid33'),
(34, 'user34', 'user34@example.com', 'password34', 'USER', 'FirstName34', 'LastName34', '1995-01-01', TRUE, NOW(), NOW(), 'avatar34', 'ACTIVE', 'uuid34'),
(35, 'user35', 'user35@example.com', 'password35', 'USER', 'FirstName35', 'LastName35', '1996-01-01', TRUE, NOW(), NOW(), 'avatar35', 'ACTIVE', 'uuid35'),
(36, 'user36', 'user36@example.com', 'password36', 'USER', 'FirstName36', 'LastName36', '1997-01-01', TRUE, NOW(), NOW(), 'avatar36', 'ACTIVE', 'uuid36'),
(37, 'user37', 'user37@example.com', 'password37', 'USER', 'FirstName37', 'LastName37', '1998-01-01', TRUE, NOW(), NOW(), 'avatar37', 'ACTIVE', 'uuid37'),
(38, 'user38', 'user38@example.com', 'password38', 'USER', 'FirstName38', 'LastName38', '1999-01-01', TRUE, NOW(), NOW(), 'avatar38', 'ACTIVE', 'uuid38'),
(39, 'user39', 'user39@example.com', 'password39', 'USER', 'FirstName39', 'LastName39', '2000-01-01', TRUE, NOW(), NOW(), 'avatar39', 'ACTIVE', 'uuid39'),
(40, 'user40', 'user40@example.com', 'password40', 'USER', 'FirstName40', 'LastName40', '2001-01-01', TRUE, NOW(), NOW(), 'avatar40', 'ACTIVE', 'uuid40'),
(41, 'user41', 'user41@example.com', 'password41', 'USER', 'FirstName41', 'LastName41', '2002-01-01', TRUE, NOW(), NOW(), 'avatar41', 'ACTIVE', 'uuid41'),
(42, 'user42', 'user42@example.com', 'password42', 'USER', 'FirstName42', 'LastName42', '2003-01-01', TRUE, NOW(), NOW(), 'avatar42', 'ACTIVE', 'uuid42'),
(43, 'user43', 'user43@example.com', 'password43', 'USER', 'FirstName43', 'LastName43', '2004-01-01', TRUE, NOW(), NOW(), 'avatar43', 'ACTIVE', 'uuid43'),
(44, 'user44', 'user44@example.com', 'password44', 'USER', 'FirstName44', 'LastName44', '2005-01-01', TRUE, NOW(), NOW(), 'avatar44', 'ACTIVE', 'uuid44'),
(45, 'user45', 'user45@example.com', 'password45', 'USER', 'FirstName45', 'LastName45', '2006-01-01', TRUE, NOW(), NOW(), 'avatar45', 'ACTIVE', 'uuid45'),
(46, 'user46', 'user46@example.com', 'password46', 'USER', 'FirstName46', 'LastName46', '2007-01-01', TRUE, NOW(), NOW(), 'avatar46', 'ACTIVE', 'uuid46'),
(47, 'user47', 'user47@example.com', 'password47', 'USER', 'FirstName47', 'LastName47', '2008-01-01', TRUE, NOW(), NOW(), 'avatar47', 'ACTIVE', 'uuid47'),
(48, 'user48', 'user48@example.com', 'password48', 'USER', 'FirstName48', 'LastName48', '2009-01-01', TRUE, NOW(), NOW(), 'avatar48', 'ACTIVE', 'uuid48'),
(49, 'user49', 'user49@example.com', 'password49', 'USER', 'FirstName49', 'LastName49', '2010-01-01', TRUE, NOW(), NOW(), 'avatar49', 'ACTIVE', 'uuid49'),
(50, 'user50', 'user50@example.com', 'password50', 'USER', 'FirstName50', 'LastName50', '2011-01-01', TRUE, NOW(), NOW(), 'avatar50', 'ACTIVE', 'uuid50');


INSERT INTO categories (category_id, name, description, parent_id, active, created, updated) VALUES
(1000, 'category1', 'Proin interdum mauris non ligula pellentesque ultrices. Phasellus id sapien in sapien iaculis congue. Vivamus metus arcu, adipiscing molestie, hendrerit at, vulputate vitae, nisl.', NULL,  1, NOW(), NOW()),
(1001, 'category2', 'Proin leo odio, porttitor id, consequat in, consequat ut, nulla. Sed accumsan felis. Ut at dolor quis odio consequat varius.', 1000, 1, NOW(), NOW()),
(1002, 'category3', 'Proin interdum mauris non ligula pellentesque ultrices. Phasellus id sapien in sapien iaculis congue. Vivamus metus arcu, adipiscing molestie, hendrerit at, vulputate vitae, nisl.', 1001, 1, NOW(), NOW()),
(1003, 'category4', 'Proin eu mi. Nulla ac enim. In tempor, turpis nec euismod scelerisque, quam turpis adipiscing lorem, vitae mattis nibh ligula nec semm', 1002, 1, NOW(), NOW());

INSERT INTO product_images (product_id, image) VALUES
('1', 'image1.jpg'),
('2', 'image1.jpg'),
('3', 'image1.jpg'),
('4', 'image1.jpg');

INSERT INTO products (name, description, price, category_id, created, updated) VALUES
('product1', 'Proin interdum mauris non ligula pellentesque ultrices. Phasellus id sapien in sapien iaculis congue. Vivamus metus arcu, adipiscing molestie, hendrerit at, vulputate vitae, nisl.', 100, 1, NOW(), NOW()),
('product2', 'Proin leo odio, porttitor id, consequat in, consequat ut, nulla. Sed accumsan felis. Ut at dolor quis odio consequat varius.', 200, 2, NOW(), NOW()),
('product3', 'Proin interdum mauris non ligula pellentesque ultrices. Phasellus id sapien in sapien iaculis congue. Vivamus metus arcu, adipiscing molestie, hendrerit at, vulputate vitae, nisl.', 300, 3, NOW(), NOW()),
('product4', 'Proin eu mi. Nulla ac enim. In tempor, turpis nec euismod scelerisque, quam turpis adipiscing lorem, vitae mattis nibh ligula nec semm', 400, 4, NOW(), NOW());

INSERT INTO `amin_db_123`.`products`
(`product_id`,
`active`,
`created`,
`deleted`,
`description`,
`init_price`,
`name`,
`price`,
`sku`,
`stock`,
`total_sold`,
`updated`,
`category_id`)
VALUES
(1,  1, '2024-01-01', NULL, 'description1',  100,  'product1',  100,  'sku1',  100,  100,  '2024-01-01', 1),
(2,  1, '2024-01-01', '2024-01-02 10:00:00', 'description2',  200,  'product2',  200,  'sku2',  200,  200,  '2024-01-01', 2),
(3,  1, '2024-01-01', NULL, 'description3',  300,  'product3',  300,  'sku3',  300,  300,  '2024-01-01', 3),
(4,  1, '2024-01-01', '2024-01-03 11:00:00', 'description4',  400,  'product4',  400,  'sku4',  400,  400,  '2024-01-01', 4),
(5,  1, '2024-01-01', NULL, 'description5',  500,  'product5',  500,  'sku5',  500,  500,  '2024-01-01', 1),
(6,  1, '2024-01-01', '2024-01-04 12:00:00', 'description6',  600,  'product6',  600,  'sku6',  600,  600,  '2024-01-01', 2),
(7,  1, '2024-01-01', NULL, 'description7',  700,  'product7',  700,  'sku7',  700,  700,  '2024-01-01', 3),
(8,  1, '2024-01-01', '2024-01-05 13:00:00', 'description8',  800,  'product8',  800,  'sku8',  800,  800,  '2024-01-01', 4),
(9,  1, '2024-01-01', NULL, 'description9',  900,  'product9',  900,  'sku9',  900,  900,  '2024-01-01', 1),
(10, 1, '2024-01-01', '2024-01-06 14:00:00', 'description10', 1000, 'product10', 1000, 'sku10', 1000, 1000, '2024-01-01', 2),
(11, 1, '2024-01-01', NULL, 'description11', 1100, 'product11', 1100, 'sku11', 1100, 1100, '2024-01-01', 3),
(12, 1, '2024-01-01', '2024-01-07 15:00:00', 'description12', 1200, 'product12', 1200, 'sku12', 1200, 1200, '2024-01-01', 4),
(13, 1, '2024-01-01', NULL, 'description13', 1300, 'product13', 1300, 'sku13', 1300, 1300, '2024-01-01', 1),
(14, 1, '2024-01-01', '2024-01-08 16:00:00', 'description14', 1400, 'product14', 1400, 'sku14', 1400, 1400, '2024-01-01', 2),
(15, 1, '2024-01-01', NULL, 'description15', 1500, 'product15', 1500, 'sku15', 1500, 1500, '2024-01-01', 3),
(16, 1, '2024-01-01', '2024-01-09 17:00:00', 'description16', 1600, 'product16', 1600, 'sku16', 1600, 1600, '2024-01-01', 4),
(17, 1, '2024-01-01', NULL, 'description17', 1700, 'product17', 1700, 'sku17', 1700, 1700, '2024-01-01', 1),
(18, 1, '2024-01-01', '2024-01-10 18:00:00', 'description18', 1800, 'product18', 1800, 'sku18', 1800, 1800, '2024-01-01', 2),
(19, 1, '2024-01-01', NULL, 'description19', 1900, 'product19', 1900, 'sku19', 1900, 1900, '2024-01-01', 3),
(20, 1, '2024-01-01', '2024-01-11 19:00:00', 'description20', 2000, 'product20', 2000, 'sku20', 2000, 2000, '2024-01-01', 4),
(21, 1, '2024-01-01', NULL, 'description21', 2100, 'product21', 2100, 'sku21', 2100, 2100, '2024-01-01', 1),
(22, 1, '2024-01-01', '2024-01-12 20:00:00', 'description22', 2200, 'product22', 2200, 'sku22', 2200, 2200, '2024-01-01', 2),
(23, 1, '2024-01-01', NULL, 'description23', 2300, 'product23', 2300, 'sku23', 2300, 2300, '2024-01-01', 3),
(24, 1, '2024-01-01', '2024-01-13 21:00:00', 'description24', 2400, 'product24', 2400, 'sku24', 2400, 2400, '2024-01-01', 4),
(25, 1, '2024-01-01', NULL, 'description25', 2500, 'product25', 2500, 'sku25', 2500, 2500, '2024-01-01', 1),
(26, 1, '2024-01-01', '2024-01-14 22:00:00', 'description26', 2600, 'product26', 2600, 'sku26', 2600, 2600, '2024-01-01', 2),
(27, 1, '2024-01-01', NULL, 'description27', 2700, 'product27', 2700, 'sku27', 2700, 2700, '2024-01-01', 3),
(28, 1, '2024-01-01', '2024-01-15 23:00:00', 'description28', 2800, 'product28', 2800, 'sku28', 2800, 2800, '2024-01-01', 4),
(29, 1, '2024-01-01', NULL, 'description29', 2900, 'product29', 2900, 'sku29', 2900, 2900, '2024-01-01', 1),
(30, 1, '2024-01-01', '2024-01-16 00:00:00', 'description30', 3000, 'product30', 3000, 'sku30', 3000, 3000, '2024-01-01', 2),
(31, 1, '2024-01-01', NULL, 'description31', 3100, 'product31', 3100, 'sku31', 3100, 3100, '2024-01-01', 3),
(32, 1, '2024-01-01', '2024-01-17 01:00:00', 'description32', 3200, 'product32', 3200, 'sku32', 3200, 3200, '2024-01-01', 4),
(33, 1, '2024-01-01', NULL, 'description33', 3300, 'product33', 3300, 'sku33', 3300, 3300, '2024-01-01', 1),
(34, 1, '2024-01-01', '2024-01-18 02:00:00', 'description34', 3400, 'product34', 3400, 'sku34', 3400, 3400, '2024-01-01', 2),
(35, 1, '2024-01-01', NULL, 'description35', 3500, 'product35', 3500, 'sku35', 3500, 3500, '2024-01-01', 3),
(36, 1, '2024-01-01', '2024-01-19 03:00:00', 'description36', 3600, 'product36', 3600, 'sku36', 3600, 3600, '2024-01-01', 4),
(37, 1, '2024-01-01', NULL, 'description37', 3700, 'product37', 3700, 'sku37', 3700, 3700, '2024-01-01', 1),
(38, 1, '2024-01-01', '2024-01-20 04:00:00', 'description38', 3800, 'product38', 3800, 'sku38', 3800, 3800, '2024-01-01', 2),
(39, 1, '2024-01-01', NULL, 'description39', 3900, 'product39', 3900, 'sku39', 3900, 3900, '2024-01-01', 3),
(40, 1, '2024-01-01', '2024-01-21 05:00:00', 'description40', 4000, 'product40', 4000, 'sku40', 4000, 4000, '2024-01-01', 4),
(41, 1, '2024-01-01', NULL, 'description41', 4100, 'product41', 4100, 'sku41', 4100, 4100, '2024-01-01', 1),
(42, 1, '2024-01-01', '2024-01-22 06:00:00', 'description42', 4200, 'product42', 4200, 'sku42', 4200, 4200, '2024-01-01', 2),
(43, 1, '2024-01-01', NULL, 'description43', 4300, 'product43', 4300, 'sku43', 4300, 4300, '2024-01-01', 3),
(44, 1, '2024-01-01', '2024-01-23 07:00:00', 'description44', 4400, 'product44', 4400, 'sku44', 4400, 4400, '2024-01-01', 4),
(45, 1, '2024-01-01', NULL, 'description45', 4500, 'product45', 4500, 'sku45', 4500, 4500, '2024-01-01', 1),
(46, 1, '2024-01-01', '2024-01-24 08:00:00', 'description46', 4600, 'product46', 4600, 'sku46', 4600, 4600, '2024-01-01', 2),
(47, 1, '2024-01-01', NULL, 'description47', 4700, 'product47', 4700, 'sku47', 4700, 4700, '2024-01-01', 3),
(48, 1, '2024-01-01', '2024-01-25 09:00:00', 'description48', 4800, 'product48', 4800, 'sku48', 4800, 4800, '2024-01-01', 4),
(49, 1, '2024-01-01', NULL, 'description49', 4900, 'product49', 4900, 'sku49', 4900, 4900, '2024-01-01', 1),
(50, 1, '2024-01-01', '2024-01-26 10:00:00', 'description50', 5000, 'product50', 5000, 'sku50', 5000, 5000, '2024-01-01', 2);


INSERT INTO `statistic` (`statistic_id`, `st_date`,`st_value`,`type`) VALUES 
(1001, '2024-01-01', 100, 'VISITORS'),
(1002, '2024-01-01', 200, 'VISITORS'),
(1003, '2024-01-01', 300, 'VISITORS'),
(1004, '2024-01-01', 400, 'VISITORS'),
(1005, '2024-01-01', 500, 'VISITORS'),
(1006, '2024-01-01', 600, 'VISITORS'),
(1007, '2024-01-01', 700, 'VISITORS'),
(1008, '2024-01-01', 800, 'VISITORS'),
(1009, '2024-01-01', 900, 'VISITORS'),
(1010, '2024-01-01', 1000, 'VISITORS'),
(1011, '2024-01-01', 1100, 'VISITORS'),
(1012, '2024-01-01', 1200, 'VISITORS'),
(1013, '2024-01-01', 1300, 'VISITORS'),
(1014, '2024-01-01', 1400, 'VISITORS'),
(1015, '2024-01-01', 1500, 'VISITORS'),
(1016, '2024-01-01', 1600, 'VISITORS'),
(1017, '2024-01-01', 1700, 'VISITORS'),
(1018, '2024-01-01', 1800, 'VISITORS'),
(1019, '2024-01-01', 1900, 'VISITORS'),
(1020, '2024-01-01', 2000, 'VISITORS'),
(1021, '2024-01-01', 2100, 'VISITORS'),
(1022, '2024-01-01', 2200, 'VISITORS'),
(1023, '2024-01-01', 2300, 'VISITORS'),
(1024, '2024-01-01', 2400, 'VISITORS'),
(1025, '2024-01-01', 2500, 'VISITORS'),
(1026, '2024-01-01', 2600, 'VISITORS'),
(1027, '2024-01-01', 2700, 'VISITORS'),
(1028, '2024-01-01', 2800, 'VISITORS'),
(1029, '2024-01-01', 2900, 'VISITORS'),
(1030, '2024-01-01', 3000, 'VISITORS'),
(1031, '2024-01-01', 3100, 'VISITORS'),
(1032, '2024-01-01', 3200, 'VISITORS'),
(1033, '2024-01-01', 3300, 'VISITORS'),
(1034, '2024-01-01', 3400, 'VISITORS'),
(1035, '2024-01-01', 3500, 'VISITORS'),
(1036, '2024-01-01', 3600, 'VISITORS'),
(1037, '2024-01-01', 3700, 'VISITORS'),
(1038, '2024-01-01', 3800, 'VISITORS'),
(1039, '2024-01-01', 3900, 'VISITORS'),
(1040, '2024-01-01', 4000, 'VISITORS'),
(1041, '2024-01-01', 4100, 'VISITORS'),
(1042, '2024-01-01', 4200, 'VISITORS'),
(1043, '2024-01-01', 4300, 'VISITORS'),
(1044, '2024-01-01', 4400, 'VISITORS'),
(1045, '2024-01-01', 4500, 'VISITORS'),
(1046, '2024-01-01', 4600, 'VISITORS'),
(1047, '2024-01-01', 4700, 'VISITORS'),
(1048, '2024-01-01', 4800, 'VISITORS'),
(1049, '2024-01-01', 4900, 'VISITORS'),
(1050, '2024-01-01', 5000, 'VISITORS');

INSERT INTO `country` (`id`,`name`, `name_ar`) VALUES
(1, 'Afghanistan', 'أفغانستان'),
(2, 'Albania', 'ألبانيا'),
(3, 'Algeria', 'الجزائر'),
(4, 'Andorra', 'أندورا'),
(5, 'Angola', 'أنغولا'),
(6, 'Antigua and Barbuda', 'أنتيغوا وبربودا'),
(7, 'Argentina', 'الأرجنتين'),
(8, 'Armenia', 'أرمينيا'),
(9, 'Australia', 'أستراليا'),
(10, 'Austria', 'النمسا'),
(11, 'Azerbaijan', 'أذربيجان'),
(12, 'Bahamas', 'الباهاما'),
(13, 'Bahrain', 'البحرين'),
(14, 'Bangladesh', 'بنغلاديش'),
(15, 'Barbados', 'بربادوس'),
(16, 'Belarus', 'بيلاروسيا'),
(17, 'Belgium', 'بلجيكا'),
(18, 'Belize', 'بليز'),
(19, 'Benin', 'بنين'),
(20, 'Bhutan', 'بوتان'),
(21, 'Bolivia', 'بوليفيا'),
(22, 'Bosnia and Herzegovina', 'البوسنة والهرسك'),
(23, 'Botswana', 'بوتسوانا'),
(24, 'Brazil', 'البرازيل'),
(25, 'Brunei', 'بروناي'),
(26, 'Bulgaria', 'بلغاريا'),
(27, 'Burkina Faso', 'بوركينا فاسو'),
(28, 'Burundi', 'بوروندي'),
(29, 'Cabo Verde', 'الرأس الأخضر'),
(30, 'Cambodia', 'كمبوديا'),
(31, 'Cameroon', 'الكاميرون'),
(32, 'Canada', 'كندا'),
(33, 'Central African Republic', 'جمهورية أفريقيا الوسطى'),
(34, 'Chad', 'تشاد'),
(35, 'Chile', 'تشيلي'),
(36, 'China', 'الصين'),
(37, 'Colombia', 'كولومبيا'),
(38, 'Comoros', 'جزر القمر'),
(39, 'Congo', 'الكونغو'),
(40, 'Costa Rica', 'كوستاريكا'),
(41, 'Croatia', 'كرواتيا'),
(42, 'Cuba', 'كوبا'),
(43, 'Cyprus', 'قبرص'),
(44, 'Czech Republic', 'جمهورية التشيك'),
(45, 'Denmark', 'الدنمارك'),
(46, 'Djibouti', 'جيبوتي'),
(47, 'Dominica', 'دومينيكا'),
(48, 'Dominican Republic', 'جمهورية الدومينيكان'),
(49, 'Ecuador', 'الإكوادور'),
(50, 'Egypt', 'مصر'),
(51, 'El Salvador', 'السلفادور'),
(52, 'Equatorial Guinea', 'غينيا الاستوائية'),
(53, 'Eritrea', 'إريتريا'),
(54, 'Estonia', 'إستونيا'),
(55, 'Eswatini', 'إسواتيني'),
(56, 'Ethiopia', 'إثيوبيا'),
(57, 'Fiji', 'فيجي'),
(58, 'Finland', 'فنلندا'),
(59, 'France', 'فرنسا'),
(60, 'Gabon', 'الغابون'),
(61, 'Gambia', 'غامبيا'),
(62, 'Georgia', 'جورجيا'),
(63, 'Germany', 'ألمانيا'),
(64, 'Ghana', 'غانا'),
(65, 'Greece', 'اليونان'),
(66, 'Grenada', 'غرينادا'),
(67, 'Guatemala', 'غواتيمالا'),
(68, 'Guinea', 'غينيا'),
(69, 'Guinea-Bissau', 'غينيا بيساو'),
(70, 'Guyana', 'غيانا'),
(71, 'Haiti', 'هايتي'),
(72, 'Honduras', 'هندوراس'),
(73, 'Hungary', 'المجر'),
(74, 'Iceland', 'آيسلندا'),
(75, 'India', 'الهند'),
(76, 'Indonesia', 'إندونيسيا'),
(77, 'Iran', 'إيران'),
(78, 'Iraq', 'العراق'),
(79, 'Ireland', 'أيرلندا'),
(80, 'Israel', 'إسرائيل'),
(81, 'Italy', 'إيطاليا'),
(82, 'Jamaica', 'جامايكا'),
(83, 'Japan', 'اليابان'),
(84, 'Jordan', 'الأردن'),
(85, 'Kazakhstan', 'كازاخستان'),
(86, 'Kenya', 'كينيا'),
(87, 'Kiribati', 'كيريباتي'),
(88, 'Kuwait', 'الكويت'),
(89, 'Kyrgyzstan', 'قيرغيزستان'),
(90, 'Laos', 'لاوس'),
(91, 'Latvia', 'لاتفيا'),
(92, 'Lebanon', 'لبنان'),
(93, 'Lesotho', 'ليسوتو'),
(94, 'Liberia', 'ليبيريا'),
(95, 'Libya', 'ليبيا'),
(96, 'Liechtenstein', 'ليختنشتاين'),
(97, 'Lithuania', 'ليتوانيا'),
(98, 'Luxembourg', 'لوكسمبورغ'),
(99, 'Madagascar', 'مدغشقر'),
(100, 'Malawi', 'مالاوي'),
(101, 'Malaysia', 'ماليزيا'),
(102, 'Maldives', 'المالديف'),
(103, 'Mali', 'مالي'),
(104, 'Malta', 'مالطا'),
(105, 'Marshall Islands', 'جزر مارشال'),
(106, 'Mauritania', 'موريتانيا'),
(107, 'Mauritius', 'موريشيوس'),
(108, 'Mexico', 'المكسيك'),
(109, 'Micronesia', 'ميكرونيزيا'),
(110, 'Moldova', 'مولدوفا'),
(111, 'Monaco', 'موناكو'),
(112, 'Mongolia', 'منغوليا'),
(113, 'Montenegro', 'الجبل الأسود'),
(114, 'Morocco', 'المغرب'),
(115, 'Mozambique', 'موزمبيق'),
(116, 'Myanmar', 'ميانمار'),
(117, 'Namibia', 'ناميبيا'),
(118, 'Nauru', 'ناورو'),
(119, 'Nepal', 'نيبال'),
(120, 'Netherlands', 'هولندا'),
(121, 'New Zealand', 'نيوزيلندا'),
(122, 'Nicaragua', 'نيكاراغوا'),
(123, 'Niger', 'النيجر'),
(124, 'Nigeria', 'نيجيريا'),
(125, 'North Korea', 'كوريا الشمالية'),
(126, 'North Macedonia', 'مقدونيا الشمالية'),
(127, 'Norway', 'النرويج'),
(128, 'Oman', 'عمان'),
(129, 'Pakistan', 'باكستان'),
(130, 'Palau', 'بالاو'),
(131, 'Palestine', 'فلسطين'),
(132, 'Panama', 'بنما'),
(133, 'Papua New Guinea', 'بابوا غينيا الجديدة'),
(134, 'Paraguay', 'باراغواي'),
(135, 'Peru', 'بيرو'),
(136, 'Philippines', 'الفلبين'),
(137, 'Poland', 'بولندا'),
(138, 'Portugal', 'البرتغال'),
(139, 'Qatar', 'قطر'),
(140, 'Romania', 'رومانيا'),
(141, 'Russia', 'روسيا'),
(142, 'Rwanda', 'رواندا'),
(143, 'Saint Kitts and Nevis', 'سانت كيتس ونيفيس'),
(144, 'Saint Lucia', 'سانت لوسيا'),
(145, 'Saint Vincent and the Grenadines', 'سانت فنسنت والغرينادين'),
(146, 'Samoa', 'ساموا'),
(147, 'San Marino', 'سان مارينو'),
(148, 'Sao Tome and Principe', 'ساو تومي وبرينسيبي'),
(149, 'Saudi Arabia', 'السعودية'),
(150, 'Senegal', 'السنغال'),
(151, 'Serbia', 'صربيا'),
(152, 'Seychelles', 'سيشل'),
(153, 'Sierra Leone', 'سيراليون'),
(154, 'Singapore', 'سنغافورة'),
(155, 'Slovakia', 'سلوفاكيا'),
(156, 'Slovenia', 'سلوفينيا'),
(157, 'Solomon Islands', 'جزر سليمان'),
(158, 'Somalia', 'الصومال'),
(159, 'South Africa', 'جنوب أفريقيا'),
(160, 'South Korea', 'كوريا الجنوبية'),
(161, 'South Sudan', 'جنوب السودان'),
(162, 'Spain', 'إسبانيا'),
(163, 'Sri Lanka', 'سريلانكا'),
(164, 'Sudan', 'السودان'),
(165, 'Suriname', 'سورينام'),
(166, 'Sweden', 'السويد'),
(167, 'Switzerland', 'سويسرا'),
(168, 'Syria', 'سوريا'),
(169, 'Taiwan', 'تايوان'),
(170, 'Tajikistan', 'طاجيكستان'),
(171, 'Tanzania', 'تنزانيا'),
(172, 'Thailand', 'تايلاند'),
(173, 'Timor-Leste', 'تيمور الشرقية'),
(174, 'Togo', 'توغو'),
(175, 'Tonga', 'تونغا'),
(176, 'Trinidad and Tobago', 'ترينيداد وتوباغو'),
(177, 'Tunisia', 'تونس'),
(178, 'Turkey', 'تركيا'),
(179, 'Turkmenistan', 'تركمانستان'),
(180, 'Tuvalu', 'توفالو'),
(181, 'Uganda', 'أوغندا'),
(182, 'Ukraine', 'أوكرانيا'),
(183, 'United Arab Emirates', 'الإمارات العربية المتحدة'),
(184, 'United Kingdom', 'المملكة المتحدة'),
(185, 'United States', 'الولايات المتحدة'),
(186, 'Uruguay', 'أوروغواي'),
(187, 'Uzbekistan', 'أوزبكستان'),
(188, 'Vanuatu', 'فانواتو'),
(189, 'Vatican City', 'مدينة الفاتيكان'),
(190, 'Venezuela', 'فنزويلا'),
(191, 'Vietnam', 'فيتنام'),
(192, 'Yemen', 'اليمن'),
(193, 'Zambia', 'زامبيا'),
(194, 'Zimbabwe', 'زيمبابوي');

INSERT INTO `state` (`id`,`name`, `name_ar`, `country_id`) VALUES
(1, 'Khartoum', 'الخرطوم', 164),
(2, 'North Kordofan', 'شمال كردفان', 164),
(3, 'South Kordofan', 'جنوب كردفان', 164),
(4, 'North Darfur', 'شمال دارفور', 164),
(5, 'South Darfur', 'جنوب دارفور', 164),
(6, 'West Darfur', 'غرب دارفور', 164),
(7, 'East Darfur', 'شرق دارفور', 164),
(8, 'Central Darfur', 'وسط دارفور', 164),
(9, 'Blue Nile', 'النيل الأزرق', 164),
(10, 'White Nile', 'النيل الأبيض', 164),
(11, 'Al Jazirah', 'الجزيرة', 164),
(12, 'River Nile', 'نهر النيل', 164),
(13, 'Red Sea', 'البحر الأحمر', 164),
(14, 'Northern', 'الشمالية', 164),
(15, 'Sennar', 'سنار', 164),
(16, 'Kassala', 'كسلا', 164),
(17, 'Gedaref', 'القضارف', 164),
(18, 'West Kordofan', 'غرب كردفان', 164);

INSERT INTO city (id, name, name_ar, state_id) VALUES
(1, 'Khartoum', 'الخرطوم', 1),
(2, 'Omdurman', 'أم درمان', 1),
(3, 'Khartoum North', 'الخرطوم بحري', 1),
(4, 'Kassala', 'كسلا', 16),
(5, 'Gedaref', 'القضارف', 17),
(6, 'Wad Madani', 'ود مدني', 15),
(7, 'Port Sudan', 'بورتسودان', 13),
(8, 'El Obeid', 'الأبيض', 11),
(9, 'Nyala', 'نيالا', 5),
(10, 'Al Fashir', 'الفاشر', 4),
(11, 'Kosti', 'كوستي', 10),
(12, 'El Geneina', 'الجنينة', 6),
(13, 'Rabak', 'ربك', 18),
(14, 'Sennar', 'سنار', 15),
(15, 'Kadugli', 'كادوقلي', 3),
(16, 'Zalingei', 'زالنجي', 8),
(17, 'Atbara', 'عطبرة', 12),
(18, 'Kutum', 'كتم', 4),
(19, 'Ad-Damazin', 'الدمازين', 15),
(20, 'Al-Qadarif', 'القضارف', 17),
(21, 'Al-Damir', 'الدامر', 14),
(22, 'Al-Ubayyid', 'الأبيض', 8),
(23, 'Al-Fashir', 'الفاشر', 4),
(24, 'Al-Jazirah', 'الجزيرة', 11),
(25, 'Al-Kawr', 'الكور', 10),
(26, 'Al-Mijlad', 'المجلد', 8),
(27, 'Al-Qadarif', 'القضارف', 17),
(28, 'Al-Qitena', 'القطينة', 17),
(29, 'Al-Ubayyid', 'الأبيض', 8),
(30, 'Al-Zubair', 'الزبير', 1),
(31, 'Ar Rahad', 'الرهد', 15),
(32, 'Ar Ruseris', 'الروصيرص', 15),
(33, 'Ar Sufun', 'الصفون', 15);


INSERT INTO carts (user_id, price, total, product_id, quantity, created, updated) VALUES
(1, 100, 100, 1, 1, NOW(), NOW()),
(1, 200, 400, 2, 2, NOW(), NOW()),
(1, 300, 900, 3, 3, NOW(), NOW()),
(1, 400, 1600, 4, 4, NOW(), NOW()),
(2, 100, 100, 1, 1, NOW(), NOW()),
(2, 200, 400, 2, 2, NOW(), NOW()),
(2, 300, 900, 3, 3, NOW(), NOW()),
(2, 400, 1600, 4, 4, NOW(), NOW()),
(3, 100, 100, 1, 1, NOW(), NOW()),
(3, 200, 400, 2, 2, NOW(), NOW()),
(3, 300, 900, 3, 3, NOW(), NOW()),
(3, 400, 1600, 4, 4, NOW(), NOW()),
(4, 100, 100, 1, 1, NOW(), NOW()),
(4, 200, 400, 2, 2, NOW(), NOW()),
(4, 300, 900, 3, 3, NOW(), NOW()),
(4, 400, 1600, 4, 4, NOW(), NOW());

INSERT INTO `amin_db_123`.`customer`
(`id`,
`city`,
`country`,
`postal_code`,
`state`,
`street`,
`first_name`,
`last_name`,
`user_id`)
VALUES
(1, 'Khartoum', 'Sudan', '11111', 'Khartoum', 'street1', 'FirstName1', 'LastName1', 1),
(2, 'Khartoum', 'Sudan', '11111', 'Khartoum', 'street2', 'FirstName2', 'LastName2', 2),
(3, 'Khartoum', 'Sudan', '11111', 'Khartoum', 'street3', 'FirstName3', 'LastName3', 3),
(4, 'Khartoum', 'Sudan', '11111', 'Khartoum', 'street4', 'FirstName4', 'LastName4', 4),
(5, 'Khartoum', 'Sudan', '11111', 'Khartoum', 'street5', 'FirstName5', 'LastName5', 5),
(6, 'Khartoum', 'Sudan', '11111', 'Khartoum', 'street6', 'FirstName6', 'LastName6', 6),
(7, 'Khartoum', 'Sudan', '11111', 'Khartoum', 'street7', 'FirstName7', 'LastName7', 7),
(8, 'Khartoum', 'Sudan', '11111', 'Khartoum', 'street8', 'FirstName8', 'LastName8', 8),
(9, 'Khartoum', 'Sudan', '11111', 'Khartoum', 'street9', 'FirstName9', 'LastName9', 9),
(10, 'Khartoum', 'Sudan', '11111', 'Khartoum', 'street10', 'FirstName10', 'LastName10', 10),
(11, 'Khartoum', 'Sudan', '11111', 'Khartoum', 'street11', 'FirstName11', 'LastName11', 11),
(12, 'Khartoum', 'Sudan', '11111', 'Khartoum', 'street12', 'FirstName12', 'LastName12', 12),
(13, 'Khartoum', 'Sudan', '11111', 'Khartoum', 'street13', 'FirstName13', 'LastName13', 13),
(14, 'Khartoum', 'Sudan', '11111', 'Khartoum', 'street14', 'FirstName14', 'LastName14', 14),
(15, 'Khartoum', 'Sudan', '11111', 'Khartoum', 'street15', 'FirstName15', 'LastName15', 15),
(16, 'Khartoum', 'Sudan', '11111', 'Khartoum', 'street16', 'FirstName16', 'LastName16', 16),
(17, 'Khartoum', 'Sudan', '11111', 'Khartoum', 'street17', 'FirstName17', 'LastName17', 17),
(18, 'Khartoum', 'Sudan', '11111', 'Khartoum', 'street18', 'FirstName18', 'LastName18', 18),
(19, 'Khartoum', 'Sudan', '11111', 'Khartoum', 'street19', 'FirstName19', 'LastName19', 19),
(20, 'Khartoum', 'Sudan', '11111', 'Khartoum', 'street20', 'FirstName20', 'LastName20', 20),
(21, 'Khartoum', 'Sudan', '11111', 'Khartoum', 'street21', 'FirstName21', 'LastName21', 21),
(22, 'Khartoum', 'Sudan', '11111', 'Khartoum', 'street22', 'FirstName22', 'LastName22', 22),
(23, 'Khartoum', 'Sudan', '11111', 'Khartoum', 'street23', 'FirstName23', 'LastName23', 23),
(24, 'Khartoum', 'Sudan', '11111', 'Khartoum', 'street24', 'FirstName24', 'LastName24', 24),
(25, 'Khartoum', 'Sudan', '11111', 'Khartoum', 'street25', 'FirstName25', 'LastName25', 25),
(26, 'Khartoum', 'Sudan', '11111', 'Khartoum', 'street26', 'FirstName26', 'LastName26', 26),
(27, 'Khartoum', 'Sudan', '11111', 'Khartoum', 'street27', 'FirstName27', 'LastName27', 27),
(28, 'Khartoum', 'Sudan', '11111', 'Khartoum', 'street28', 'FirstName28', 'LastName28', 28),
(29, 'Khartoum', 'Sudan', '11111', 'Khartoum', 'street29', 'FirstName29', 'LastName29', 29),
(30, 'Khartoum', 'Sudan', '11111', 'Khartoum', 'street30', 'FirstName30', 'LastName30', 30);

INSERT INTO `amin_db_123`.`inventory`
(`id`,
`created`,
`price`,
`quantity`,
`updated`,
`product_id`)
VALUES
(1, NOW(), 100, 100, NOW(), 1),
(2, NOW(), 200, 200, NOW(), 2),
(3, NOW(), 300, 300, NOW(), 3),
(4, NOW(), 400, 400, NOW(), 4),
(5, NOW(), 500, 500, NOW(), 5),
(6, NOW(), 600, 600, NOW(), 6),
(7, NOW(), 700, 700, NOW(), 7),
(8, NOW(), 800, 800, NOW(), 8),
(9, NOW(), 900, 900, NOW(), 9),
(10, NOW(), 1000, 1000, NOW(), 10),
(11, NOW(), 1100, 1100, NOW(), 11),
(12, NOW(), 1200, 1200, NOW(), 12),
(13, NOW(), 1300, 1300, NOW(), 13),
(14, NOW(), 1400, 1400, NOW(), 14),
(15, NOW(), 1500, 1500, NOW(), 15),
(16, NOW(), 1600, 1600, NOW(), 16),
(17, NOW(), 1700, 1700, NOW(), 17),
(18, NOW(), 1800, 1800, NOW(), 18),
(19, NOW(), 1900, 1900, NOW(), 19),
(20, NOW(), 2000, 2000, NOW(), 20),
(21, NOW(), 2100, 2100, NOW(), 21),
(22, NOW(), 2200, 2200, NOW(), 22),
(23, NOW(), 2300, 2300, NOW(), 23),
(24, NOW(), 2400, 2400, NOW(), 24),
(25, NOW(), 2500, 2500, NOW(), 25),
(26, NOW(), 2600, 2600, NOW(), 26),
(27, NOW(), 2700, 2700, NOW(), 27),
(28, NOW(), 2800, 2800, NOW(), 28),
(29, NOW(), 2900, 2900, NOW(), 29),
(30, NOW(), 3000, 3000, NOW(), 30),
(31, NOW(), 3100, 3100, NOW(), 31),
(32, NOW(), 3200, 3200, NOW(), 32),
(33, NOW(), 3300, 3300, NOW(), 33),
(34, NOW(), 3400, 3400, NOW(), 34),
(35, NOW(), 3500, 3500, NOW(), 35),
(36, NOW(), 3600, 3600, NOW(), 36),
(37, NOW(), 3700, 3700, NOW(), 37),
(38, NOW(), 3800, 3800, NOW(), 38),
(39, NOW(), 3900, 3900, NOW(), 39),
(40, NOW(), 4000, 4000, NOW(), 40),
(41, NOW(), 4100, 4100, NOW(), 41),
(42, NOW(), 4200, 4200, NOW(), 42),
(43, NOW(), 4300, 4300, NOW(), 43),
(44, NOW(), 4400, 4400, NOW(), 44),
(45, NOW(), 4500, 4500, NOW(), 45),
(46, NOW(), 4600, 4600, NOW(), 46),
(47, NOW(), 4700, 4700, NOW(), 47),
(48, NOW(), 4800, 4800, NOW(), 48),
(49, NOW(), 4900, 4900, NOW(), 49),
(50, NOW(), 5000, 5000, NOW(), 50);


INSERT INTO `amin_db_123`.`invoice`
(`invoice_id`,
`created`,
`customer_name`,
`deleted`,
`total_amount`,
`updated`)
VALUES
(1, NOW(), 'FirstName1 LastName1', 0, 100, NOW()),
(2, NOW(), 'FirstName2 LastName2', 0, 200, NOW()),
(3, NOW(), 'FirstName3 LastName3', 0, 300, NOW()),
(4, NOW(), 'FirstName4 LastName4', 0, 400, NOW()),
(5, NOW(), 'FirstName5 LastName5', 0, 500, NOW()),
(6, NOW(), 'FirstName6 LastName6', 0, 600, NOW()),
(7, NOW(), 'FirstName7 LastName7', 0, 700, NOW()),
(8, NOW(), 'FirstName8 LastName8', 0, 800, NOW()),
(9, NOW(), 'FirstName9 LastName9', 0, 900, NOW()),
(10, NOW(), 'FirstName10 LastName10', 0, 1000, NOW()),
(11, NOW(), 'FirstName11 LastName11', 0, 1100, NOW()),
(12, NOW(), 'FirstName12 LastName12', 0, 1200, NOW()),
(13, NOW(), 'FirstName13 LastName13', 0, 1300, NOW()),
(14, NOW(), 'FirstName14 LastName14', 0, 1400, NOW()),
(15, NOW(), 'FirstName15 LastName15', 0, 1500, NOW()),
(16, NOW(), 'FirstName16 LastName16', 0, 1600, NOW()),
(17, NOW(), 'FirstName17 LastName17', 0, 1700, NOW()),
(18, NOW(), 'FirstName18 LastName18', 0, 1800, NOW()),
(19, NOW(), 'FirstName19 LastName19', 0, 1900, NOW()),
(20, NOW(), 'FirstName20 LastName20', 0, 2000, NOW()),
(21, NOW(), 'FirstName21 LastName21', 0, 2100, NOW()),
(22, NOW(), 'FirstName22 LastName22', 0, 2200, NOW()),
(23, NOW(), 'FirstName23 LastName23', 0, 2300, NOW()),
(24, NOW(), 'FirstName24 LastName24', 0, 2400, NOW()),
(25, NOW(), 'FirstName25 LastName25', 0, 2500, NOW()),
(26, NOW(), 'FirstName26 LastName26', 0, 2600, NOW()),
(27, NOW(), 'FirstName27 LastName27', 0, 2700, NOW()),
(28, NOW(), 'FirstName28 LastName28', 0, 2800, NOW()),
(29, NOW(), 'FirstName29 LastName29', 0, 2900, NOW()),
(30, NOW(), 'FirstName30 LastName30', 0, 3000, NOW());

INSERT INTO `amin_db_123`.`order_item`
(`item_id`,
`price`,
`quantity`,
`order_id`,
`product_id`)
VALUES
(1, 100, 1, 1, 1),
(2, 200, 2, 2, 2),
(3, 300, 3, 3, 3),
(4, 400, 4, 4, 4),
(5, 500, 5, 5, 5),
(6, 600, 6, 6, 6),
(7, 700, 7, 7, 7),
(8, 800, 8, 8, 8),
(9, 900, 9, 9, 9),
(10, 1000, 10, 10, 10),
(11, 1100, 11, 11, 11),
(12, 1200, 12, 12, 12),
(13, 1300, 13, 13, 13),
(14, 1400, 14, 14, 14),
(15, 1500, 15, 15, 15),
(16, 1600, 16, 16, 16),
(17, 1700, 17, 17, 17),
(18, 1800, 18, 18, 18),
(19, 1900, 19, 19, 19),
(20, 2000, 20, 20, 20),
(21, 2100, 21, 21, 21),
(22, 2200, 22, 22, 22),
(23, 2300, 23, 23, 23),
(24, 2400, 24, 24, 24),
(25, 2500, 25, 25, 25),
(26, 2600, 26, 26, 26),
(27, 2700, 27, 27, 27),
(28, 2800, 28, 28, 28),
(29, 2900, 29, 29, 29),
(30, 3000, 30, 30, 30),
(31, 3100, 31, 31, 31),
(32, 3200, 32, 32, 32),
(33, 3300, 33, 33, 33),
(34, 3400, 34, 34, 34),
(35, 3500, 35, 35, 35),
(36, 3600, 36, 36, 36),
(37, 3700, 37, 37, 37),
(38, 3800, 38, 38, 38),
(39, 3900, 39, 39, 39),
(40, 4000, 40, 40, 40),
(41, 4100, 41, 41, 41),
(42, 4200, 42, 42, 42),
(43, 4300, 43, 43, 43),
(44, 4400, 44, 44, 44),
(45, 4500, 45, 45, 45),
(46, 4600, 46, 46, 46),
(47, 4700, 47, 47, 47),
(48, 4800, 48, 48, 48),
(49, 4900, 49, 49, 49),
(50, 5000, 50, 50, 50);

INSERT INTO `amin_db_123`.`orders`
(`order_id`,
`order_date`,
`payment_method`,
`city`,
`country`,
`postal_code`,
`state`,
`street`,
`shipping_date`,
`status`,
`total_amount`,
`transaction_id`,
`updated`,
`uuid`,
`customer_id`)
VALUES
(1, NOW(), 'Cash', 'Khartoum', 'Sudan', '11111', 'Khartoum', 'street1', NOW(), 'Delivered', 100, '123456', NOW(), '123456', 1),
(2, NOW(), 'Cash', 'Khartoum', 'Sudan', '11111', 'Khartoum', 'street2', NOW(), 'Delivered', 200, '123456', NOW(), '123456', 3),
(3, NOW(), 'Cash', 'Khartoum', 'Sudan', '11111', 'Khartoum', 'street3', NOW(), 'Delivered', 300, '123456', NOW(), '123456', 5),
(4, NOW(), 'Cash', 'Khartoum', 'Sudan', '11111', 'Khartoum', 'street4', NOW(), 'Delivered', 400, '123456', NOW(), '123456', 7),
(5, NOW(), 'Cash', 'Khartoum', 'Sudan', '11111', 'Khartoum', 'street5', NOW(), 'Delivered', 500, '123456', NOW(), '123456', 9),
(6, NOW(), 'Cash', 'Khartoum', 'Sudan', '11111', 'Khartoum', 'street6', NOW(), 'Delivered', 600, '123456', NOW(), '123456', 2),
(7, NOW(), 'Cash', 'Khartoum', 'Sudan', '11111', 'Khartoum', 'street7', NOW(), 'Delivered', 700, '123456', NOW(), '123456', 4),
(8, NOW(), 'Cash', 'Khartoum', 'Sudan', '11111', 'Khartoum', 'street8', NOW(), 'Delivered', 800, '123456', NOW(), '123456', 6),
(9, NOW(), 'Cash', 'Khartoum', 'Sudan', '11111', 'Khartoum', 'street9', NOW(), 'Delivered', 900, '123456', NOW(), '123456', 8),
(10, NOW(), 'Cash', 'Khartoum', 'Sudan', '11111', 'Khartoum', 'street10', NOW(), 'Delivered', 10, '123456', NOW(), '123456', 10),
(11, NOW(), 'Cash', 'Khartoum', 'Sudan', '11111', 'Khartoum', 'street11', NOW(), 'Delivered', 1130, '123456', NOW(), '123456', 11),
(12, NOW(), 'Cash', 'Khartoum', 'Sudan', '11111', 'Khartoum', 'street12', NOW(), 'Delivered', 1200, '123', NOW(), '123', 12),
(13, NOW(), 'Cash', 'Khartoum', 'Sudan', '11111', 'Khartoum', 'street13', NOW(), 'Delivered', 1300, '123', NOW(), '123', 13),
(14, NOW(), 'Cash', 'Khartoum', 'Sudan', '11111', 'Khartoum', 'street14', NOW(), 'Delivered', 1400, '123', NOW(), '123', 14),
(15, NOW(), 'Cash', 'Khartoum', 'Sudan', '11111', 'Khartoum', 'street15', NOW(), 'Delivered', 1500, '123', NOW(), '123', 15),
(16, NOW(), 'Cash', 'Khartoum', 'Sudan', '11111', 'Khartoum', 'street16', NOW(), 'Delivered', 1600, '123', NOW(), '123', 16),
(17, NOW(), 'Cash', 'Khartoum', 'Sudan', '11111', 'Khartoum', 'street17', NOW(), 'Delivered', 1700, '123', NOW(), '123', 17),
(18, NOW(), 'Cash', 'Khartoum', 'Sudan', '11111', 'Khartoum', 'street18', NOW(), 'Delivered', 1800, '123', NOW(), '123', 18),
(19, NOW(), 'Cash', 'Khartoum', 'Sudan', '11111', 'Khartoum', 'street19', NOW(), 'Delivered', 1900, '123', NOW(), '123', 19),
(20, NOW(), 'Cash', 'Khartoum', 'Sudan', '11111', 'Khartoum', 'street20', NOW(), 'Delivered', 2000, '123', NOW(), '123', 20),
(21, NOW(), 'Cash', 'Khartoum', 'Sudan', '11111', 'Khartoum', 'street21', NOW(), 'Delivered', 2100, '123', NOW(), '123', 21);

INSERT INTO `amin_db_123`.`payment`
(`payment_id`,
`amount`,
`payment_method`,
`success`,
`transaction_id`,
`user_id`)
VALUES
(1, 100, 'Cash', 1, '123456', 1),
(2, 200, 'Cash', 1, '123456', 2),
(3, 300, 'Cash', 1, '123456', 3),
(4, 400, 'Cash', 1, '123456', 4),
(5, 500, 'Cash', 1, '123456', 5),
(6, 600, 'Cash', 1, '123456', 6),
(7, 700, 'Cash', 1, '123456', 7),
(8, 800, 'Cash', 1, '123456', 8),
(9, 900, 'Cash', 1, '123456', 9),
(10, 1000, 'Cash', 1, '123456', 10),
(11, 1100, 'Cash', 1, '123456', 11),
(12, 1200, 'Cash', 1, '123456', 12),
(13, 1300, 'Cash', 1, '123456', 13),
(14, 1400, 'Cash', 1, '123456', 14),
(15, 1500, 'Cash', 1, '123456', 15),
(16, 1600, 'Cash', 1, '123456', 16),
(17, 1700, 'Cash', 1, '123456', 17),
(18, 1800, 'Cash', 1, '123456', 18),
(19, 1900, 'Cash', 1, '123456', 19),
(20, 2000, 'Cash', 1, '123456', 20),
(21, 2100, 'Cash', 1, '123456', 21),
(22, 2200, 'Cash', 1, '123456', 22),
(23, 2300, 'Cash', 1, '123456', 23),
(24, 2400, 'Cash', 1, '123456', 24),
(25, 2500, 'Cash', 1, '123456', 25),
(26, 2600, 'Cash', 1, '123456', 26),
(27, 2700, 'Cash', 1, '123456', 27),
(28, 2800, 'Cash', 1, '123456', 28),
(29, 2900, 'Cash', 1, '123456', 29),
(30, 3000, 'Cash', 1, '123456', 30),
(31, 3100, 'Cash', 1, '123456', 31),
(32, 3200, 'Cash', 1, '123456', 32),
(33, 3300, 'Cash', 1, '123456', 33),
(34, 3400, 'Cash', 1, '123456', 34),
(35, 3500, 'Cash', 1, '123456', 35),
(36, 3600, 'Cash', 1, '123456', 36),
(37, 3700, 'Cash', 1, '123456', 37),
(38, 3800, 'Cash', 1, '123456', 38),
(39, 3900, 'Cash', 1, '123456', 39),
(40, 4000, 'Cash', 1, '123456', 40),
(41, 4100, 'Cash', 1, '123456', 41),
(42, 4200, 'Cash', 1, '123456', 42),
(43, 4300, 'Cash', 1, '123456', 43),
(44, 4400, 'Cash', 1, '123456', 44),
(45, 4500, 'Cash', 1, '123456', 45),
(46, 4600, 'Cash', 1, '123456', 46),
(47, 4700, 'Cash', 1, '123456', 47),
(48, 4800, 'Cash', 1, '123456', 48),
(49, 4900, 'Cash', 1, '123456', 49),
(50, 5000, 'Cash', 1, '123456', 50);

INSERT INTO `amin_db_123`.`statistics`
(`statistic_id`,
`st_date`,
`st_value`,
`type`)
VALUES
(1, '2021-01-01', 100, 'Sales'),
(2, '2021-01-02', 200, 'Sales'),
(3, '2021-01-03', 300, 'Sales'),
(4, '2021-01-04', 400, 'Sales'),
(5, '2021-01-05', 500, 'Sales'),
(6, '2021-01-06', 600, 'Sales'),
(7, '2021-01-07', 700, 'Sales'),
(8, '2021-01-08', 800, 'Sales'),
(9, '2021-01-09', 900, 'Sales'),
(10, '2021-01-10', 1000, 'Sales'),
(11, '2021-01-11', 1100, 'Sales'),
(12, '2021-01-12', 1200, 'Sales'),
(13, '2021-01-13', 1300, 'Sales'),
(14, '2021-01-14', 1400, 'Sales'),
(15, '2021-01-15', 1500, 'Sales'),
(16, '2021-01-16', 1600, 'Sales'),
(17, '2021-01-17', 1700, 'Sales'),
(18, '2021-01-18', 1800, 'Sales'),
(19, '2021-01-19', 1900, 'Sales'),
(20, '2021-01-20', 2000, 'Sales'),
(21, '2021-01-21', 2100, 'Sales'),
(22, '2021-01-22', 2200, 'Sales'),
(23, '2021-01-23', 2300, 'Sales'),
(24, '2021-01-24', 2400, 'Sales'),
(25, '2021-01-25', 2500, 'Sales'),
(26, '2021-01-26', 2600, 'Sales'),
(27, '2021-01-27', 2700, 'Sales'),
(28, '2021-01-28', 2800, 'Sales'),
(29, '2021-01-29', 2900, 'Sales'),
(30, '2021-01-30', 3000, 'Sales'),
(31, '2021-01-31', 3100, 'Sales'),
(32, '2021-02-01', 3200, 'Sales'),
(33, '2021-02-02', 3300, 'Sales'),
(34, '2021-02-03', 3400, 'Sales'),
(35, '2021-02-04', 3500, 'Sales'),
(36, '2021-02-05', 3600, 'Sales'),
(37, '2021-02-06', 3700, 'Sales'),
(38, '2021-02-07', 3800, 'Sales'),
(39, '2021-02-08', 3900, 'Sales'),
(40, '2021-02-09', 4000, 'Sales'),
(41, '2021-02-10', 4100, 'Sales'),
(42, '2021-02-11', 4200, 'Sales'),
(43, '2021-02-12', 4300, 'Sales'),
(44, '2021-02-13', 4400, 'Sales'),
(45, '2021-02-14', 4500, 'Sales'),
(46, '2021-02-15', 4600, 'Sales'),
(47, '2021-02-16', 4700, 'Sales'),
(48, '2021-02-17', 4800, 'Sales'),
(49, '2021-02-18', 4900, 'Sales'),
(50, '2021-02-19', 5000, 'Sales');