
INSERT INTO users (user_id, username, email, password, role, first_name, last_name, birth_date, enabled, updated, created, avatar, status, uuid) VALUES
(1, 'user1', 'user1@example.com', 'password1', 'USER', 'FirstName1', 'LastName1', '1990-01-01', TRUE, NOW(), NOW(), 'avatar1', 'ACTIVE', 'uuid1'),
(2, 'user2', 'user2@example.com', 'password2', 'USER', 'FirstName2', 'LastName2', '1991-01-01', TRUE, NOW(), NOW(), 'avatar2', 'ACTIVE', 'uuid2'),
(3, 'user3', 'user3@example.com', 'password3', 'USER', 'FirstName3', 'LastName3', '1992-01-01', TRUE, NOW(), NOW(), 'avatar3', 'ACTIVE', 'uuid3'),
(4, 'user4', 'user100@example.com', 'password100', 'USER', 'FirstName100', 'LastName100', '1990-01-01', TRUE, NOW(), NOW(), 'avatar4', 'ACTIVE', 'uuid4'),
(5, 'user5', 'm.martin@randatmail.com', 'password5', 'MODERATOR', 'Michelle', 'Martin', '2024-08-03 17:52:00', TRUE, NOW(), NOW(), 'avatar5', 'ACTIVE', 'uuid5'),
(6, 'user6', 'a.barnes@randatmail.com', 'password6', 'ADMIN', 'Alissa', 'Barnes', '2024-11-11 20:08:00', TRUE, NOW(), NOW(), 'avatar6', 'ACTIVE', 'uuid6'),
(7, 'user7', 'e.higgins@randatmail.com', 'password7', 'MODERATOR', 'Evelyn', 'Higgins', '2024-01-20 01:16:00', TRUE, NOW(), NOW(), 'avatar7', 'ACTIVE', 'uuid7'),
(8, 'user8', 'a.miller@randatmail.com', 'password8', 'USER', 'Ashton', 'Miller', '2024-08-15 06:47:00', TRUE, NOW(), NOW(), 'avatar8', 'ACTIVE', 'uuid8'),
(9, 'user9', 'm.tucker@randatmail.com', 'password9', 'MODERATOR', 'Maya', 'Tucker', '2024-03-23 01:30:00', TRUE, NOW(), NOW(), 'avatar9', 'ACTIVE', 'uuid9'),
(10, 'user10', 'a.thompson@randatmail.com', 'password10', 'ADMIN', 'Annabella', 'Thompson', '2024-01-02 01:53:00', FALSE, NOW(), NOW(), 'avatar10', 'INACTIVE', 'uuid10'),
(11, 'user11', 'c.williams@randatmail.com', 'password11', 'MODERATOR', 'Clark', 'Williams', '2024-09-18 21:28:00', TRUE, NOW(), NOW(), 'avatar11', 'ACTIVE', 'uuid11'),
(12, 'user12', 'j.watson@randatmail.com', 'password12', 'ADMIN', 'Jacob', 'Watson', '2024-07-12 12:07:00', FALSE, NOW(), NOW(), 'avatar12', 'INACTIVE', 'uuid12'),
(13, 'user13', 'a.lloyd@randatmail.com', 'password13', 'USER', 'Amy', 'Lloyd', '2024-07-20 13:52:00', FALSE, NOW(), NOW(), 'avatar13', 'INACTIVE', 'uuid13'),
(14, 'user14', 'i.williams@randatmail.com', 'password14', 'ADMIN', 'Isabella', 'Williams', '2024-04-07 19:40:00', TRUE, NOW(), NOW(), 'avatar14', 'ACTIVE', 'uuid14'),
(15, 'user15', 'm.stewart@randatmail.com', 'password15', 'ADMIN', 'Miller', 'Stewart', '2024-02-29 13:57:00', TRUE, NOW(), NOW(), 'avatar15', 'ACTIVE', 'uuid15'),
(16, 'user16', 'a.harper@randatmail.com', 'password16', 'ADMIN', 'Alberta', 'Harper', '2024-06-23 19:12:00', TRUE, NOW(), NOW(), 'avatar16', 'ACTIVE', 'uuid16'),
(17, 'user17', 'w.barrett@randatmail.com', 'password17', 'MODERATOR', 'Wilson', 'Barrett', '2024-09-20 19:35:00', TRUE, NOW(), NOW(), 'avatar17', 'ACTIVE', 'uuid17'),
(18, 'user18', 'r.fowler@randatmail.com', 'password18', 'MODERATOR', 'Richard', 'Fowler', '2024-05-06 11:42:00', FALSE, NOW(), NOW(), 'avatar18', 'INACTIVE', 'uuid18'),
(19, 'user19', 's.martin@randatmail.com', 'password19', 'ADMIN', 'Sienna', 'Martin', '2024-04-16 21:00:00', TRUE, NOW(), NOW(), 'avatar19', 'ACTIVE', 'uuid19'),
(20, 'user20', 'b.harper@randatmail.com', 'password20', 'ADMIN', 'Brooke', 'Harper', '2024-06-14 18:59:00', TRUE, NOW(), NOW(), 'avatar20', 'ACTIVE', 'uuid20'),
(21, 'user21', 'f.henderson@randatmail.com', 'password21', 'MODERATOR', 'Frederick', 'Henderson', '2024-05-21 21:47:00', FALSE, NOW(), NOW(), 'avatar21', 'INACTIVE', 'uuid21'),
(22, 'user22', 'b.craig@randatmail.com', 'password22', 'USER', 'Bruce', 'Craig', '2024-02-23 12:37:00', TRUE, NOW(), NOW(), 'avatar22', 'ACTIVE', 'uuid22'),
(23, 'user23', 'a.ellis@randatmail.com', 'password23', 'USER', 'Aston', 'Ellis', '2024-10-30 16:22:00', FALSE, NOW(), NOW(), 'avatar23', 'INACTIVE', 'uuid23'),
(24, 'user24', 'r.murphy@randatmail.com', 'password24', 'USER', 'Rubie', 'Murphy', '2023-12-26 21:50:00', TRUE, NOW(), NOW(), 'avatar24', 'ACTIVE', 'uuid24'),
(25, 'user25', 's.hill@randatmail.com', 'password25', 'ADMIN', 'Samantha', 'Hill', '2024-06-11 12:18:00', FALSE, NOW(), NOW(), 'avatar25', 'INACTIVE', 'uuid25'),
(26, 'user26', 'b.montgomery@randatmail.com', 'password26', 'MODERATOR', 'Brad', 'Montgomery', '2024-09-05 21:54:00', FALSE, NOW(), NOW(), 'avatar26', 'INACTIVE', 'uuid26'),
(27, 'user27', 'c.alexander@randatmail.com', 'password27', 'ADMIN', 'Camila', 'Alexander', '2024-11-17 21:21:00', FALSE, NOW(), NOW(), 'avatar27', 'INACTIVE', 'uuid27'),
(28, 'user28', 't.gibson@randatmail.com', 'password28', 'MODERATOR', 'Tyler', 'Gibson', '2024-02-27 10:14:00', FALSE, NOW(), NOW(), 'avatar28', 'INACTIVE', 'uuid28'),
(29, 'user29', 'user29@example.com', 'password29', 'USER', 'FirstName29', 'LastName29', '1990-01-01', TRUE, NOW(), NOW(), 'avatar29', 'ACTIVE', 'uuid29'),
(30, 'user30', 'user30@example.com', 'password30', 'USER', 'FirstName30', 'LastName30', '1991-01-01', TRUE, NOW(), NOW(), 'avatar30', 'ACTIVE', 'uuid30'),
(31, 'user31', 'user31@example.com', 'password31', 'USER', 'FirstName31', 'LastName31', '1992-01-01', TRUE, NOW(), NOW(), 'avatar31', 'ACTIVE', 'uuid31'),
(32, 'user32', 'user32@example.com', 'password32', 'USER', 'FirstName32', 'LastName32', '1993-01-01', TRUE, NOW(), NOW(), 'avatar32', 'ACTIVE', 'uuid32'),
(33, 'user33', 'user33@example.com', 'password33', 'USER', 'FirstName33', 'LastName33', '1994-01-01', TRUE, NOW(), NOW(), 'avatar33', 'ACTIVE', 'uuid33'),
(34, 'user34', 'user34@example.com', 'password34', 'USER', 'FirstName34', 'LastName34', '1995-01-01', TRUE, NOW(), NOW(), 'avatar34', 'ACTIVE', 'uuid34'),
(35, 'user35', 'user35@example.com', 'password35', 'USER', 'FirstName35', 'LastName35', '1996-01-01', TRUE, NOW(), NOW(), 'avatar35', 'ACTIVE', 'uuid35'),
(36, 'user36', 'user36@example.com', 'password36', 'USER', 'FirstName36', 'LastName36', '1997-01-01', TRUE, NOW(), NOW(), 'avatar36', 'ACTIVE', 'uuid36'),
(37, 'user37', 'user37@example.com', 'password37', 'USER', 'FirstName37', 'LastName37', '1998-01-01', TRUE, NOW(), NOW(), 'avatar37', 'ACTIVE', 'uuid37'),
(38, 'user38', 'user38@example.com', 'password38', 'USER', 'FirstName38', 'LastName38', '1999-01-01', TRUE, NOW(), NOW(), 'avatar38', 'ACTIVE', 'uuid38'),
(39, 'user39', 'user39@example.com', 'password39', 'USER', 'FirstName39', 'LastName39', '2000-01-01', TRUE, NOW(), NOW(), 'avatar39', 'ACTIVE', 'uuid39'),
(40, 'user40', 'user40@example.com', 'password40', 'USER', 'FirstName40', 'LastName40', '2001-01-01', TRUE, NOW(), NOW(), 'avatar40', 'ACTIVE', 'uuid40'),
(41, 'user41', 'user41@example.com', 'password41', 'USER', 'FirstName41', 'LastName41', '2002-01-01', TRUE, NOW(), NOW(), 'avatar41', 'ACTIVE', 'uuid41'),
(42, 'user42', 'user42@example.com', 'password42', 'USER', 'FirstName42', 'LastName42', '2003-01-01', TRUE, NOW(), NOW(), 'avatar42', 'ACTIVE', 'uuid42'),
(43, 'user43', 'user43@example.com', 'password43', 'USER', 'FirstName43', 'LastName43', '2004-01-01', TRUE, NOW(), NOW(), 'avatar43', 'ACTIVE', 'uuid43'),
(44, 'user44', 'user44@example.com', 'password44', 'USER', 'FirstName44', 'LastName44', '2005-01-01', TRUE, NOW(), NOW(), 'avatar44', 'ACTIVE', 'uuid44'),
(45, 'user45', 'user45@example.com', 'password45', 'USER', 'FirstName45', 'LastName45', '2006-01-01', TRUE, NOW(), NOW(), 'avatar45', 'ACTIVE', 'uuid45'),
(46, 'user46', 'user46@example.com', 'password46', 'USER', 'FirstName46', 'LastName46', '2007-01-01', TRUE, NOW(), NOW(), 'avatar46', 'ACTIVE', 'uuid46'),
(47, 'user47', 'user47@example.com', 'password47', 'USER', 'FirstName47', 'LastName47', '2008-01-01', TRUE, NOW(), NOW(), 'avatar47', 'ACTIVE', 'uuid47'),
(48, 'user48', 'user48@example.com', 'password48', 'USER', 'FirstName48', 'LastName48', '2009-01-01', TRUE, NOW(), NOW(), 'avatar48', 'ACTIVE', 'uuid48'),
(49, 'user49', 'user49@example.com', 'password49', 'USER', 'FirstName49', 'LastName49', '2010-01-01', TRUE, NOW(), NOW(), 'avatar49', 'ACTIVE', 'uuid49'),
(50, 'user50', 'user50@example.com', 'password50', 'USER', 'FirstName50', 'LastName50', '2011-01-01', TRUE, NOW(), NOW(), 'avatar50', 'ACTIVE', 'uuid50');


INSERT INTO categories (name, description, parent_id, active, created, updated) VALUES
('category1', 'Proin interdum mauris non ligula pellentesque ultrices. Phasellus id sapien in sapien iaculis congue. Vivamus metus arcu, adipiscing molestie, hendrerit at, vulputate vitae, nisl.', NULL,  1, NOW(), NOW()),
('category2', 'Proin leo odio, porttitor id, consequat in, consequat ut, nulla. Sed accumsan felis. Ut at dolor quis odio consequat varius.', 1, 1, NOW(), NOW()),
('category3', 'Proin interdum mauris non ligula pellentesque ultrices. Phasellus id sapien in sapien iaculis congue. Vivamus metus arcu, adipiscing molestie, hendrerit at, vulputate vitae, nisl.', 1, 1, NOW(), NOW()),
('category4', 'Proin eu mi. Nulla ac enim. In tempor, turpis nec euismod scelerisque, quam turpis adipiscing lorem, vitae mattis nibh ligula nec semm', 2, 1, NOW(), NOW());

INSERT INTO product_images (product_id, image) VALUES
('1', 'image1.jpg'),
('2', 'image1.jpg'),
('3', 'image1.jpg'),
('4', 'image1.jpg');

INSERT INTO products (name, description, price, category_id, created, updated) VALUES
('product1', 'Proin interdum mauris non ligula pellentesque ultrices. Phasellus id sapien in sapien iaculis congue. Vivamus metus arcu, adipiscing molestie, hendrerit at, vulputate vitae, nisl.', 100, 1, NOW(), NOW()),
('product2', 'Proin leo odio, porttitor id, consequat in, consequat ut, nulla. Sed accumsan felis. Ut at dolor quis odio consequat varius.', 200, 2, NOW(), NOW()),
('product3', 'Proin interdum mauris non ligula pellentesque ultrices. Phasellus id sapien in sapien iaculis congue. Vivamus metus arcu, adipiscing molestie, hendrerit at, vulputate vitae, nisl.', 300, 3, NOW(), NOW()),
('product4', 'Proin eu mi. Nulla ac enim. In tempor, turpis nec euismod scelerisque, quam turpis adipiscing lorem, vitae mattis nibh ligula nec semm', 400, 4, NOW(), NOW());

INSERT INTO `statistic` (`statistic_id`, `st_date`,`st_value`,`type`) VALUES 
(1, '2024-01-01', 100, 'VISITORS'),
(2, '2024-01-01', 200, 'VISITORS'),
(3, '2024-01-01', 300, 'VISITORS'),
(4, '2024-01-01', 400, 'VISITORS'),
(5, '2024-01-01', 500, 'VISITORS'),
(6, '2024-01-01', 600, 'VISITORS'),
(7, '2024-01-01', 700, 'VISITORS'),
(8, '2024-01-01', 800, 'VISITORS'),
(9, '2024-01-01', 900, 'VISITORS'),
(10, '2024-01-01', 1000, 'VISITORS'),
(11, '2024-01-01', 1100, 'VISITORS'),
(12, '2024-01-01', 1200, 'VISITORS'),
(13, '2024-01-01', 1300, 'VISITORS'),
(14, '2024-01-01', 1400, 'VISITORS'),
(15, '2024-01-01', 1500, 'VISITORS'),
(16, '2024-01-01', 1600, 'VISITORS'),
(17, '2024-01-01', 1700, 'VISITORS'),
(18, '2024-01-01', 1800, 'VISITORS'),
(19, '2024-01-01', 1900, 'VISITORS'),
(20, '2024-01-01', 2000, 'VISITORS'),
(21, '2024-01-01', 2100, 'VISITORS'),
(22, '2024-01-01', 2200, 'VISITORS'),
(23, '2024-01-01', 2300, 'VISITORS'),
(24, '2024-01-01', 2400, 'VISITORS'),
(25, '2024-01-01', 2500, 'VISITORS'),
(26, '2024-01-01', 2600, 'VISITORS'),
(27, '2024-01-01', 2700, 'VISITORS'),
(28, '2024-01-01', 2800, 'VISITORS'),
(29, '2024-01-01', 2900, 'VISITORS'),
(30, '2024-01-01', 3000, 'VISITORS'),
(31, '2024-01-01', 3100, 'VISITORS'),
(32, '2024-01-01', 3200, 'VISITORS'),
(33, '2024-01-01', 3300, 'VISITORS'),
(34, '2024-01-01', 3400, 'VISITORS'),
(35, '2024-01-01', 3500, 'VISITORS'),
(36, '2024-01-01', 3600, 'VISITORS'),
(37, '2024-01-01', 3700, 'VISITORS'),
(38, '2024-01-01', 3800, 'VISITORS'),
(39, '2024-01-01', 3900, 'VISITORS'),
(40, '2024-01-01', 4000, 'VISITORS'),
(41, '2024-01-01', 4100, 'VISITORS'),
(42, '2024-01-01', 4200, 'VISITORS'),
(43, '2024-01-01', 4300, 'VISITORS'),
(44, '2024-01-01', 4400, 'VISITORS'),
(45, '2024-01-01', 4500, 'VISITORS'),
(46, '2024-01-01', 4600, 'VISITORS'),
(47, '2024-01-01', 4700, 'VISITORS'),
(48, '2024-01-01', 4800, 'VISITORS'),
(49, '2024-01-01', 4900, 'VISITORS'),
(50, '2024-01-01', 5000, 'VISITORS');

INSERT INTO `country` (`id`,`name`, `name_ar`) VALUES
(1, 'Afghanistan', 'أفغانستان'),
(2, 'Albania', 'ألبانيا'),
(3, 'Algeria', 'الجزائر'),
(4, 'Andorra', 'أندورا'),
(5, 'Angola', 'أنغولا'),
(6, 'Antigua and Barbuda', 'أنتيغوا وبربودا'),
(7, 'Argentina', 'الأرجنتين'),
(8, 'Armenia', 'أرمينيا'),
(9, 'Australia', 'أستراليا'),
(10, 'Austria', 'النمسا'),
(11, 'Azerbaijan', 'أذربيجان'),
(12, 'Bahamas', 'الباهاما'),
(13, 'Bahrain', 'البحرين'),
(14, 'Bangladesh', 'بنغلاديش'),
(15, 'Barbados', 'بربادوس'),
(16, 'Belarus', 'بيلاروسيا'),
(17, 'Belgium', 'بلجيكا'),
(18, 'Belize', 'بليز'),
(19, 'Benin', 'بنين'),
(20, 'Bhutan', 'بوتان'),
(21, 'Bolivia', 'بوليفيا'),
(22, 'Bosnia and Herzegovina', 'البوسنة والهرسك'),
(23, 'Botswana', 'بوتسوانا'),
(24, 'Brazil', 'البرازيل'),
(25, 'Brunei', 'بروناي'),
(26, 'Bulgaria', 'بلغاريا'),
(27, 'Burkina Faso', 'بوركينا فاسو'),
(28, 'Burundi', 'بوروندي'),
(29, 'Cabo Verde', 'الرأس الأخضر'),
(30, 'Cambodia', 'كمبوديا'),
(31, 'Cameroon', 'الكاميرون'),
(32, 'Canada', 'كندا'),
(33, 'Central African Republic', 'جمهورية أفريقيا الوسطى'),
(34, 'Chad', 'تشاد'),
(35, 'Chile', 'تشيلي'),
(36, 'China', 'الصين'),
(37, 'Colombia', 'كولومبيا'),
(38, 'Comoros', 'جزر القمر'),
(39, 'Congo', 'الكونغو'),
(40, 'Costa Rica', 'كوستاريكا'),
(41, 'Croatia', 'كرواتيا'),
(42, 'Cuba', 'كوبا'),
(43, 'Cyprus', 'قبرص'),
(44, 'Czech Republic', 'جمهورية التشيك'),
(45, 'Denmark', 'الدنمارك'),
(46, 'Djibouti', 'جيبوتي'),
(47, 'Dominica', 'دومينيكا'),
(48, 'Dominican Republic', 'جمهورية الدومينيكان'),
(49, 'Ecuador', 'الإكوادور'),
(50, 'Egypt', 'مصر'),
(51, 'El Salvador', 'السلفادور'),
(52, 'Equatorial Guinea', 'غينيا الاستوائية'),
(53, 'Eritrea', 'إريتريا'),
(54, 'Estonia', 'إستونيا'),
(55, 'Eswatini', 'إسواتيني'),
(56, 'Ethiopia', 'إثيوبيا'),
(57, 'Fiji', 'فيجي'),
(58, 'Finland', 'فنلندا'),
(59, 'France', 'فرنسا'),
(60, 'Gabon', 'الغابون'),
(61, 'Gambia', 'غامبيا'),
(62, 'Georgia', 'جورجيا'),
(63, 'Germany', 'ألمانيا'),
(64, 'Ghana', 'غانا'),
(65, 'Greece', 'اليونان'),
(66, 'Grenada', 'غرينادا'),
(67, 'Guatemala', 'غواتيمالا'),
(68, 'Guinea', 'غينيا'),
(69, 'Guinea-Bissau', 'غينيا بيساو'),
(70, 'Guyana', 'غيانا'),
(71, 'Haiti', 'هايتي'),
(72, 'Honduras', 'هندوراس'),
(73, 'Hungary', 'المجر'),
(74, 'Iceland', 'آيسلندا'),
(75, 'India', 'الهند'),
(76, 'Indonesia', 'إندونيسيا'),
(77, 'Iran', 'إيران'),
(78, 'Iraq', 'العراق'),
(79, 'Ireland', 'أيرلندا'),
(80, 'Israel', 'إسرائيل'),
(81, 'Italy', 'إيطاليا'),
(82, 'Jamaica', 'جامايكا'),
(83, 'Japan', 'اليابان'),
(84, 'Jordan', 'الأردن'),
(85, 'Kazakhstan', 'كازاخستان'),
(86, 'Kenya', 'كينيا'),
(87, 'Kiribati', 'كيريباتي'),
(88, 'Kuwait', 'الكويت'),
(89, 'Kyrgyzstan', 'قيرغيزستان'),
(90, 'Laos', 'لاوس'),
(91, 'Latvia', 'لاتفيا'),
(92, 'Lebanon', 'لبنان'),
(93, 'Lesotho', 'ليسوتو'),
(94, 'Liberia', 'ليبيريا'),
(95, 'Libya', 'ليبيا'),
(96, 'Liechtenstein', 'ليختنشتاين'),
(97, 'Lithuania', 'ليتوانيا'),
(98, 'Luxembourg', 'لوكسمبورغ'),
(99, 'Madagascar', 'مدغشقر'),
(100, 'Malawi', 'مالاوي'),
(101, 'Malaysia', 'ماليزيا'),
(102, 'Maldives', 'المالديف'),
(103, 'Mali', 'مالي'),
(104, 'Malta', 'مالطا'),
(105, 'Marshall Islands', 'جزر مارشال'),
(106, 'Mauritania', 'موريتانيا'),
(107, 'Mauritius', 'موريشيوس'),
(108, 'Mexico', 'المكسيك'),
(109, 'Micronesia', 'ميكرونيزيا'),
(110, 'Moldova', 'مولدوفا'),
(111, 'Monaco', 'موناكو'),
(112, 'Mongolia', 'منغوليا'),
(113, 'Montenegro', 'الجبل الأسود'),
(114, 'Morocco', 'المغرب'),
(115, 'Mozambique', 'موزمبيق'),
(116, 'Myanmar', 'ميانمار'),
(117, 'Namibia', 'ناميبيا'),
(118, 'Nauru', 'ناورو'),
(119, 'Nepal', 'نيبال'),
(120, 'Netherlands', 'هولندا'),
(121, 'New Zealand', 'نيوزيلندا'),
(122, 'Nicaragua', 'نيكاراغوا'),
(123, 'Niger', 'النيجر'),
(124, 'Nigeria', 'نيجيريا'),
(125, 'North Korea', 'كوريا الشمالية'),
(126, 'North Macedonia', 'مقدونيا الشمالية'),
(127, 'Norway', 'النرويج'),
(128, 'Oman', 'عمان'),
(129, 'Pakistan', 'باكستان'),
(130, 'Palau', 'بالاو'),
(131, 'Palestine', 'فلسطين'),
(132, 'Panama', 'بنما'),
(133, 'Papua New Guinea', 'بابوا غينيا الجديدة'),
(134, 'Paraguay', 'باراغواي'),
(135, 'Peru', 'بيرو'),
(136, 'Philippines', 'الفلبين'),
(137, 'Poland', 'بولندا'),
(138, 'Portugal', 'البرتغال'),
(139, 'Qatar', 'قطر'),
(140, 'Romania', 'رومانيا'),
(141, 'Russia', 'روسيا'),
(142, 'Rwanda', 'رواندا'),
(143, 'Saint Kitts and Nevis', 'سانت كيتس ونيفيس'),
(144, 'Saint Lucia', 'سانت لوسيا'),
(145, 'Saint Vincent and the Grenadines', 'سانت فنسنت والغرينادين'),
(146, 'Samoa', 'ساموا'),
(147, 'San Marino', 'سان مارينو'),
(148, 'Sao Tome and Principe', 'ساو تومي وبرينسيبي'),
(149, 'Saudi Arabia', 'السعودية'),
(150, 'Senegal', 'السنغال'),
(151, 'Serbia', 'صربيا'),
(152, 'Seychelles', 'سيشل'),
(153, 'Sierra Leone', 'سيراليون'),
(154, 'Singapore', 'سنغافورة'),
(155, 'Slovakia', 'سلوفاكيا'),
(156, 'Slovenia', 'سلوفينيا'),
(157, 'Solomon Islands', 'جزر سليمان'),
(158, 'Somalia', 'الصومال'),
(159, 'South Africa', 'جنوب أفريقيا'),
(160, 'South Korea', 'كوريا الجنوبية'),
(161, 'South Sudan', 'جنوب السودان'),
(162, 'Spain', 'إسبانيا'),
(163, 'Sri Lanka', 'سريلانكا'),
(164, 'Sudan', 'السودان'),
(165, 'Suriname', 'سورينام'),
(166, 'Sweden', 'السويد'),
(167, 'Switzerland', 'سويسرا'),
(168, 'Syria', 'سوريا'),
(169, 'Taiwan', 'تايوان'),
(170, 'Tajikistan', 'طاجيكستان'),
(171, 'Tanzania', 'تنزانيا'),
(172, 'Thailand', 'تايلاند'),
(173, 'Timor-Leste', 'تيمور الشرقية'),
(174, 'Togo', 'توغو'),
(175, 'Tonga', 'تونغا'),
(176, 'Trinidad and Tobago', 'ترينيداد وتوباغو'),
(177, 'Tunisia', 'تونس'),
(178, 'Turkey', 'تركيا'),
(179, 'Turkmenistan', 'تركمانستان'),
(180, 'Tuvalu', 'توفالو'),
(181, 'Uganda', 'أوغندا'),
(182, 'Ukraine', 'أوكرانيا'),
(183, 'United Arab Emirates', 'الإمارات العربية المتحدة'),
(184, 'United Kingdom', 'المملكة المتحدة'),
(185, 'United States', 'الولايات المتحدة'),
(186, 'Uruguay', 'أوروغواي'),
(187, 'Uzbekistan', 'أوزبكستان'),
(188, 'Vanuatu', 'فانواتو'),
(189, 'Vatican City', 'مدينة الفاتيكان'),
(190, 'Venezuela', 'فنزويلا'),
(191, 'Vietnam', 'فيتنام'),
(192, 'Yemen', 'اليمن'),
(193, 'Zambia', 'زامبيا'),
(194, 'Zimbabwe', 'زيمبابوي');

INSERT INTO `state` (`id`,`name`, `name_ar`, `country_id`) VALUES
(1, 'Khartoum', 'الخرطوم', 164),
(2, 'North Kordofan', 'شمال كردفان', 164),
(3, 'South Kordofan', 'جنوب كردفان', 164),
(4, 'North Darfur', 'شمال دارفور', 164),
(5, 'South Darfur', 'جنوب دارفور', 164),
(6, 'West Darfur', 'غرب دارفور', 164),
(7, 'East Darfur', 'شرق دارفور', 164),
(8, 'Central Darfur', 'وسط دارفور', 164),
(9, 'Blue Nile', 'النيل الأزرق', 164),
(10, 'White Nile', 'النيل الأبيض', 164),
(11, 'Al Jazirah', 'الجزيرة', 164),
(12, 'River Nile', 'نهر النيل', 164),
(13, 'Red Sea', 'البحر الأحمر', 164),
(14, 'Northern', 'الشمالية', 164),
(15, 'Sennar', 'سنار', 164),
(16, 'Kassala', 'كسلا', 164),
(17, 'Gedaref', 'القضارف', 164),
(18, 'West Kordofan', 'غرب كردفان', 164);

INSERT INTO city (id, name, name_ar, state_id) VALUES
(1, 'Khartoum', 'الخرطوم', 1),
(2, 'Omdurman', 'أم درمان', 1),
(3, 'Khartoum North', 'الخرطوم بحري', 1),
(4, 'Kassala', 'كسلا', 16),
(5, 'Gedaref', 'القضارف', 17),
(6, 'Wad Madani', 'ود مدني', 15),
(7, 'Port Sudan', 'بورتسودان', 13),
(8, 'El Obeid', 'الأبيض', 11),
(9, 'Nyala', 'نيالا', 5),
(10, 'Al Fashir', 'الفاشر', 4),
(11, 'Kosti', 'كوستي', 10),
(12, 'El Geneina', 'الجنينة', 6),
(13, 'Rabak', 'ربك', 18),
(14, 'Sennar', 'سنار', 15),
(15, 'Kadugli', 'كادوقلي', 3),
(16, 'Zalingei', 'زالنجي', 8),
(17, 'Atbara', 'عطبرة', 12),
(18, 'Kutum', 'كتم', 4),
(19, 'Ad-Damazin', 'الدمازين', 15),
(20, 'Al-Qadarif', 'القضارف', 17),
(21, 'Al-Damir', 'الدامر', 14),
(22, 'Al-Ubayyid', 'الأبيض', 8),
(23, 'Al-Fashir', 'الفاشر', 4),
(24, 'Al-Jazirah', 'الجزيرة', 11),
(25, 'Al-Kawr', 'الكور', 10),
(26, 'Al-Mijlad', 'المجلد', 8),
(27, 'Al-Qadarif', 'القضارف', 17),
(28, 'Al-Qitena', 'القطينة', 17),
(29, 'Al-Ubayyid', 'الأبيض', 8),
(30, 'Al-Zubair', 'الزبير', 1),
(31, 'Ar Rahad', 'الرهد', 15),
(32, 'Ar Ruseris', 'الروصيرص', 15),
(33, 'Ar Sufun', 'الصفون', 15);
